id,subreddit,body
lidxv5,cookingforbeginners,hey everyon matter probabl pretti stress time put togeth thread place share resourc recip updat experi commiser anyth relat covid pandem weve alreadi assembl resourc big thing wash hand practic social distanc read cdcs tip https www cdc gov coronavirus ncov prepar prevent html cook fresh food first stock nonperish tri save run fresh ingredi eat leftov take caution go must go instanc buy groceri exercis extrem caution dont touch anyth maintain feet distanc peopl wear glove pick anyth virus known surviv hard surfac hour day pleas wipe packag bring hous especi live anyon risk demograph altern look get deliv there bit delay store best option dont enough food especi young children look local school public agenc offer meal area cook resourc https www treehugg com green food pandem pantri basic eat well humbl ingredi html https www washingtonpost com news voraci wp cook kid extend coronavirus school closur https www washingtonpost com news voraci wp here padma lakshmi expert cook say stock pantri coronavirus quarantin https www sfchronicl com recip articl recip cook pantri php https www npr org coronavirus meal plan https www reddit com r covid support comment flnnwp nonperish pantri shop list support resourc https www cdc gov coronavirus ncov prepar manag stress anxieti html https adaa org find help coronavirus anxieti help resourc https www nytim com opinion sunday anxieti treatment therapi htmlsearchresultposit https www reddit com r covid support https www montereybayaquarium org anim live cam support resourc argu watch babi penguin experienc excess anxieti time need someon talk feel free send u viscous crescendo messag cant guarante ill get back right away fellow anxieti suffer rest assur wont alon feel tad overwhelm keep head straight listen doctor well make soon enough pleas keep thing civil provid sourc inform covid hearsay discourag deliber disinform bannabl link video blog post imag etc allow megathread rule appli go bite head post covid elsewher subreddit pleas tri quarantin discuss thread
gn2jpm7,cookingforbeginners,glove dont use substitut wash hand thing realli dont wear except might consid public transit avoid passion day would throw away immedi exit
gn2qmsu,cookingforbeginners,cook https www youtub com channel ucpvjlkzxarvxgiv sgakoa friend get four step onto back reach cookbook upper shelf grab cooki your pleas seri explain pre basic cook folk intimid cook would overwhelm averag cook channel gateway channel dont teach recip teach understand execut recip fun watch im video director trade decent product valu im reform sketch comedi writer tell fun make it
gn2swp3,cookingforbeginners,super bowl chicken wing https youtu hhbtg tqhk ingredi lbs chicken wing tbsp salt tbsp pepper tbsp onion powder plus addit tsp wing sauc tbsp garlic powder plus addit tsp wing sauc tbsp chili powder tbsp paprika tbsp lemon pepper season plus addit tsp wing sauc oz butter cup hot sauc direct season chicken wing salt pepper onion powder garlic powder chili powder paprika lemon pepper season heat cook oil drop wing minut depend level crispi pull wing let drain oil sauc add butter sauc pan melt medium heat add hot sauc onion powder garlic powder lemon pepper season continu mix sauc come low boil second min remov heat pour wing toss
gn4kj8a,cookingforbeginners,hi guy made starbuck white chocol mocha https youtu htydpbp tdu home thought share recip everyon mani us stuck home lockdown quarantin
gn5yls8,cookingforbeginners,japanes omelett roll tamagoyaki https youtu nujybotxyn ingredi egg teaspoon soy sauc teaspoon sweet sake teaspoon sugar dash salt teaspoon cook oil instruct put egg bowl add teaspoon soy sauc add teaspoon sweet sake add teaspoon sugar add dash salt pour cook oil onto pan egg wont stick fold omelett shown video repeat process time final cut egg part
gnk4d12,cookingforbeginners,valentin day charcuteri board https youtu gjjc ingredi slice pepperoni slice turkey slice ham slice salami stock celeri cup babi carrot cup broccoli floret cup chees cube jalapeno strawberri direct cook involv rins broccoli carrot celeri slice need line board tray ingredi
gnnwc93,cookingforbeginners,creami lemon garlic bacon wrap scallop squash noodl https youtu bxpsxfrxtka ingredi lb bacon wrap scallop cup heavi whip cream cup chicken stock oz butter tbsp oliv oil clove garlic tbsp lemon juic salt tast pepper tast parsley garnish option garnish cajun season direct need defrost bacon wrap scallop place air fryer season salt pepper cook air fryer mode medium high heat chop clove garlic add pan degre min flip half way remov air fryer set side make sauc add butter oliv oil pan heat medium high heat chop garlic add pan cook second start brown add chicken stock lemon juic pan stir come boil add heavi whip cream bacon wrap scallop sauc continu thicken combin cook minut season salt pepper parsley remov scallop sauc add squash noodl coat sauc cook anoth minut serv garnish parsley
lklzkw,cookingforbeginners,thing practic get right trick feel like alway salt thing afraid salt cant un salt much differ make salt cook ad tsp ad salti enough add tsp cook next time less more
gnko4iq,cookingforbeginners,meat potato handl lot salt liquid like soup stew realli cant salt hell pasta water your use premad stock broth bacon ham cure meat dont need add much otherwis start small work way up
gnkhm7o,cookingforbeginners,quit honest never measur salt feel bone stop time goe start learn go overboard probabl stop
gnklsml,cookingforbeginners,awar salt contain ingredi bacon chicken broth etc less salt add consid salt go liquid never take back season care go outsid meat hand season liber liquid reduc effect salt content goe add less think need start soup stew add less think need stir tast repeat eventu youll super good sens need add dish although still season time
gnkiekd,cookingforbeginners,day put much salt make mental note use less next time use littl make mental note add next time forth anyway think better err side caution use less cook end bland add extra salt direct plate
gnko7he,cookingforbeginners,take spoon add tini pinch salt tast add tast add tast salti youll tast way spectrum wet bland tasti way salti salti dangerzon happili salt main dish tast right
gnkrwq4,cookingforbeginners,best way learn tast whenev add salt stir tast repeat everi step tast eventu learn much salt put in
gnkqvfx,cookingforbeginners,want salt earlier later need practic know right amount sinc your ask best approach would take dish make lot potato rice mac chees whatev play around make sure use amount food water time less salt know take surpris much take
gnkr2b4,cookingforbeginners,put salt tast add salt necessari repeat perfect
gnktt2m,cookingforbeginners,helen renni youtub sever video salt thing use would recommend look part practic part tast littl bowl right make whole pot tast depend add salt season help cook too
gnku4ws,cookingforbeginners,practic experi make tini bit differ your salt say sauc cook salt diffus sauc sometim matter tast tend conserv salt dont like much salt other there salt shaker season salt make sure flavor
gnkuxpp,cookingforbeginners,addit salt tast go stop shi feel like enough salt becom desensit your cook time eat actual meal easili oversalt learn make popcorn sampl didnt tast salti enough time ate whole bowl way salti
gnkv1bc,cookingforbeginners,op follow recip look multipl recip favourit type food enjoy eat best look portion size compar amount salt that ad differ stage make recip sampl intermitt see salt chang flavor food id even recommend split dish around final salt stage ad less salt see differ flavor salt process salt hope help figur averag amount salt add recip eventu youll abl determin much salt someth need without refer rememb alway add acid sugar help make someth tast slight less salti
gnl16qo,cookingforbeginners,come experi consid experienc cook still salt thing occasion keep cook whole world salt right way watch salt episod salt fat acid heat netflix
gnknyac,cookingforbeginners,know emeril lugassi alway say bamand there salt everywher yeah use way much mom wouldnt eat cook said salti live show year ago alway add never take away start littl add right
gnksrmb,cookingforbeginners,dont like food overal salti bare season salt cook end season tast feel like use less usual leav surfac direct touch tongu pop salti
gnktcvz,cookingforbeginners,salt stir tast repeat much salt add cut potato toss cook bit soak extra salt
gnkyvyv,cookingforbeginners,lot time tast salt hot dish still stove way would min heat sit littl bit littl differ definit someth learn continu cook
gnl8el1,cookingforbeginners,know someth say use unsalt someth low sodium someth mani time stomach problem use regular sodium soy sauc instead low sodium much salt ugh
gnl9lyj,cookingforbeginners,salt everi step way salt someth tast surfac food throughout food salt steak day let soak salt veget cook absorb sometim separ bit whatev cook keep ad salt bit start tast salti amaz much salt dish take happen keep tast awesom sudden becom clear salti tri get close line possibl use kosher salt thing bitter like iodiz salt strong sea salt harder salt mess flavor dish lot salt brine chicken exampl bewar start proper salt food hard go back blood pressur might go sure util acid citrus vinegar best enhanc flavor food altern bunch salt
gnlywal,cookingforbeginners,hope im late ask question last year https old reddit com r askculinari comment gx vwq ask salt back made salt answer receiv savori food tast good salin mean cook g food use gram salt use salt substitut soy sauc miso fish sauc bacon etc difficult gaug built sodium salt calcul https fatmiewchef blogspot com soy sauc fish sauc salt calcul html depend much sodium sauc e g im cook g someth want salin im use brand soy sauc mg sodium ml use g soy sauc thing practic get right trick think calcul want time stick initi season tast later longer need use calcul get good idea much salt soy sauc use feel like alway salt thing afraid salt cant un salt prompt ask question except salt especi brine protein much differ make salt cook cook protein think make big differ alway tri salt either day hour min advanc hint ive pick link calcul salt hell pasta water stick salin pasta water ignor salti sea crap sea around meat usual salt salt seafood seafood salt meat day cooki cake rang from
gnnnize,cookingforbeginners,learn lot read book salt fat acid heat samin nosrat would suggest check book use lot salt use husband alway complain ad much salt see cook eat ask cook tast much better respons alway salt
gnl8bfk,cookingforbeginners,day youll put much salt ruin meal youll know much much lol
gnkyvhj,cookingforbeginners,here trick salt larg make thing tast like your eat salti stew exampl tast pretti bland answer probabl salt salt actual open toung receptor let tast normal flavor alway salt tast dish salt wont make differ proven scientif big except meat chicken steak etc sad experi find good pictur googl thing look like find good ratio thing like pasta potato water general would recommend tri aim close oversalt learn take think much easier figur right your play upper bound good luck
gnkxfl0,cookingforbeginners,add hand finger pinch add late possibl soup compos dish end standalon meat cook dish toward end add bit smaller side mix tast flat add slight flavor becom promin satisfi stop tast like salt flat acquir right sens salt fold person tast separ averag amount toler well other take practic get feel right level tast feel hand use sens measur instead someth like teaspoon happen much faster worth note fat acid balanc salt oversalt ad fat thing like cream correct vinegar lemon juic etc though bewar tri add much extra stuff dish well make wors add salt slowli tast frequent
gnl3yar,cookingforbeginners,heavili depend recip lot thing like soup bolognes put salt last get everyth made leav cook tast itll obvious need salt add salt tast add continu till correct oftentim difficult guess much salt necessari mani ingredi contain salt themselv
gnl43tl,cookingforbeginners,trial error person tast peopl like stuff real salti other dont gotta expir
gnl47h0,cookingforbeginners,alway think
gnl5aa0,cookingforbeginners,person grew salt ad add hous never mind age adult watch sodium never add sodium come like everyday season someth like great question though
gnl5ic8,cookingforbeginners,good way help control much put pour direct whatev season put hand find way slowli add dish like salt shaker store contain come save hassl
gnl74ts,cookingforbeginners,correct take practic tri use finger grab salt instead measur spoon shaker best kosher salt larger flake constant season thing add tini bit everi time perfect agre season first enough practic perfect everi time move differ salt possibl add shaker want use measur spoon bake need exact calori count recip like oil sugar go recip make note actual measur tast best tsp salt tast better note tri go tsp increment make sure dont go board small dish doubl salt like teaspoon could big mistak tast go there rule say tast salt end think reduct though your tri reduc sauc flavor intensifi salt sugar reduc soup need bring boil instant check ad enough salt stir minut dissolv
gnlakz8,cookingforbeginners,work fine dine restaur tast everyth finish food tast add salt tast stuff cant take tast steak chicken use pinch salt rd less pepper pinch side cook
gnld0fp,cookingforbeginners,let instinct guid dish almost readi add requir rememb your let instinct guid better add less think alway add never remov
gnldlg8,cookingforbeginners,go desert youll fine
gnli1j6,cookingforbeginners,thing take long time cook lot water make salt husband claim dislik tast salt eat lot bean lentil tast period let know salti add water tomato past citrus
gnllbgk,cookingforbeginners,salt meat well cook dissolv penetr meat season way insid help meat stay juicier kosher salt best easier control get meat
gnln5nz,cookingforbeginners,tast everi step way season level reason tast raw ground beef season tast cook ground beef add rest ingredi yes give quick tast afterward see everyth current stand flavor continu cook done cook give quick tast see season feel feel need add leav alon fine much check ingredi see extra salt come play help get familiar salti particular type salt use grain size grain type type season salt vari salti grow use morton iodiz salt major culinari school major culinari job past yrs use morton kosher salt similar take practic know adjust salt level like
gnlqy8m,cookingforbeginners,agak agak
gnlsr3q,cookingforbeginners,tast go adjust necessari
gnlwu9y,cookingforbeginners,read somewher use salt make food tast better tast food say tomato tast like best tomato add salt brighten flavor want tast salt want tast best food add salt go build layer compon tri finish salt need kosher salt sea salt malden salt flake finish salt flavor salt differ salti never hungri time finish cook
gnm0c7g,cookingforbeginners,salt layer tast tast tast tast everi time tast right that learn restaur
gnm32vh,cookingforbeginners,thing like raw egg raw meat cant tast them
gnm4k4z,cookingforbeginners,make least favorit part recip salt tast boat you
gnm54cn,cookingforbeginners,till ancestor tell stop serious never use measur season agak agak je
gnm6d9d,cookingforbeginners,add till soul say stop
gnm8yry,cookingforbeginners,start salt tast add salt person tast much salt neutral lemon juic serious im make up
gnmavfu,cookingforbeginners,start follow recip learn ratio way
gnmbc1a,cookingforbeginners,add excess salt serv set stone add salt need sweat veggi boil pasta dri brine protein etc tast food add salt necessari
gnmesnv,cookingforbeginners,definit salt start salt tast leav salt tell ppl salt guest sure prefer definit afraid salt awesom tool cook cover lot flaw hahaha good luck
gnmf847,cookingforbeginners,probabl worst problem ive sinc start cook realli like salti food main use soy sauc sinc main use soy sauc season rice whatnot im heathen im abl guess much salt need prefer level part season tri reduc much season food next time come bland know could measur trial error run cant realli im broke colleg student rare get cook
gnmhd1s,cookingforbeginners,usual start yell maa
gnmjpoz,cookingforbeginners,want hard fast rule think averag peopl like percent salt food want test make sauc less pasta soemth abl tast without interfer tast test salti like food
gnmk5v2,cookingforbeginners,safe side undersalt cook put salt tabl tast food cook safe comfort go eat half cook chicken pork anyth like that
gnmkeih,cookingforbeginners,right like dash que
gnmooi4,cookingforbeginners,worri salt count hand number meal ive oversalt versus mani mani thing ive undersalt year alway put much think need more
gnmq332,cookingforbeginners,add salt tast liter rare measur
gnmukw9,cookingforbeginners,tast everyth go tast salt bland lack flavor depth add littl salt tast buy littl spoon littl fork littl tast eventu youll know what good start point add
gnmxd7z,cookingforbeginners,simpl answer experi tast cook season eventu youll get eye much like
gnn11mf,cookingforbeginners,rememb alway add salt cant remov salt ad alway salt moder
gnn2bps,cookingforbeginners,tast go use littl bowl kosher salt cook add pinch go think physic ad pinch finger help train sens much salt need less success ad correct amount salt use shaker pour straight contain differ type salt differ salin level switch type whatev reason get differ level salti even use relat similar measur
gnn9pmv,cookingforbeginners,practic
gnna01c,cookingforbeginners,meat put enough see salt stand feet back thing tast go general cook decid want less salt next time cook youll start notic trend person salter tend put littl much alway put littl bit less think add
gnnaohd,cookingforbeginners,someth struggl mom told alway put teaspoon salt begin adjust accord need later bit trial error situat come practic
gnniro1,cookingforbeginners,realli feel luckili alway turn good far obvious depend cook much yea feel alway right day
gnnlcm3,cookingforbeginners,say stuck alway add salt never take unless there good reason salt earli like brine marinad draw moistur cook big cut meat pasta water etc etc tri salt end
gnnn63t,cookingforbeginners,soup stew helen renni youtub recommend take small amount salt tast tast good know oversalt add salt whole soup stew know right amount tast
gnnr57o,cookingforbeginners,good know food incred salti know add addit salt involv food parmigiana realli salti type chees soy sauc etc add extra salt use soy sauc alway alway alway alway make pasta water like ocean stress enough doubt salt much like said add salt thing made much salt dish ruin it
gnnve02,cookingforbeginners,tast food throughout cook process youv ad salt youll tast need said undershoot definit better option worst case meal wont tast quit good least youv eaten healthier
gno1fn0,cookingforbeginners,ive heard your suppos pinch it
gnklep6,cookingforbeginners,think easier salt main cook easier gaug use coars salt like kosher salt mediterranean salt ad pinch easier get sens much actual ad pour shake fine tabl salt see lot tv chef use pinch coars salt cook easier judg salt grinder use fine tabl salt grew cultur coars mediterranean salt sea salt ad pinch person tabl like condiment rather dish serv full salt
gnktyon,cookingforbeginners,tri use season salt flavor see much use use morton lawri salti usual better add salt cook food
gnkp1d1,cookingforbeginners,general rule salt latest possibl point recip often ingredi butter stock even meat preserv salt reduc liquid futher concentr recip often either shoot shoot mark bad develop core flavor tast go your make stew instanc tast broth plain tast ad salt flake spoon judg whether salt realli make pop wait end season tast season tast get want similar trick work well acid tast add drop vinegar tast
gnkuo8f,cookingforbeginners,dont afraid shake till ur ancestor whisper ear stop lol
gnkp9t9,cookingforbeginners,good know thank would rank bean edit thank guy love bean
gnky2wm,cookingforbeginners,pasta water need salti
gnm79pp,cookingforbeginners,liquid like soup stew realli cant uhhh need add lot salt soup there lot water plus veggi season add like tbsp salt tbsp even soup
gnndekp,cookingforbeginners,even least live buy small lump essenti stock put water even meat sauc add flavor veget chicken beef flavor heck could even make cheap ass soup random veget meat want use half cube water boil pasta get bit flavor salt alreadi
gnnppj5,cookingforbeginners,tast salt
gnnw4ec,cookingforbeginners,your use premad stock broth note your use premad stock probabl need salt stock especi dont make tend season wind make thing bland
gnkht90,cookingforbeginners,look like gotta train bone then
gnnqnpm,cookingforbeginners,friend pretti good cook alway shake jar salt top everyth without measur alway look like lot tast good alway eyebal start go saw still never get right alway either come salti salti enough thing like raw meat raw veget oil season hard tast go op need learn actual measur like tray roast veggi exampl
gnks706,cookingforbeginners,ive heard ad raw potato chunk soup exampl let cook help soak excess salt incorrect ive never tri myself
gnm8sho,cookingforbeginners,thank u huge dick mcgee
gnnr3t0,cookingforbeginners,thing like roast veggi realli tast go mean guess could imo would littl gross eat raw piec asparagus raw potato drench oliv oil season lol
gnl2w2h,cookingforbeginners,help well
gnnnsae,cookingforbeginners,except everi recip bake say salt tast
gnkujks,cookingforbeginners,that basic say even undersalt serv let everyon know made intent less salti provid salt shaker ok grant ideal would season correct first place sometim want go littl room splash soy ketchup end super salti
gnm5nnc,cookingforbeginners,wow super interest thank
gnleymc,cookingforbeginners,haha wish
gnmaw0y,cookingforbeginners,start follow recip learn ratio way rita detect haikus sometim success learn https www reddit com r haikusbot opt repli haikusbot opt delet comment haikusbot delet
gnks8tr,cookingforbeginners,salt cook fine like bland food tast like salt otherwis realli need salt cook salt absorb ingredi time bring natur flavour well season food tast like salt cook salt magic food leav salt end let process happen
gnllvem,cookingforbeginners,would say bad idea goal get good salt instead know much salt add theyll know much particular season salt add plus season salt gonna work everi dish chef recommend use larg grain kosher salt less dens work larger pinch without oversalt
gnlmtnh,cookingforbeginners,thank feedback made macaroni tonight tri suggest dish came lot less salti
gnkun0c,cookingforbeginners,your far gone trip drop vinegar still work
gnlp4vo,cookingforbeginners,good one
gnkva5u,cookingforbeginners,here anoth sour food vinegari take less salt salt sour similar tast
gnkses9,cookingforbeginners,bean need lot salt soak dri bean water salti pasta water
gnmhzli,cookingforbeginners,best way figur stop type season tast tast food throughout cook process wrong imo even cook exact dish twice requir differ amount salt get want base factor possibl best season thing near end especi egg soup
gnndhgu,cookingforbeginners,bean id say pinch salt talk bake bean alway put cook
gnndzwu,cookingforbeginners,starchi food need lot salt chunk food need salt might think salt hide chunk tast it
gnni1xe,cookingforbeginners,bean take lot salt remmeb store bought stock broth quit salti care ad salt cook stock
gnnrbez,cookingforbeginners,can bean ton sodium alway rins get get rid salt
gnl06bz,cookingforbeginners,want salti flavor impart pasta water mani time salti would want pasta still pick fraction flavor
gnkzy52,cookingforbeginners,want get salt noodl boil realli chanc
gnl3uke,cookingforbeginners,dump water like rice pasta absorb water would salt way less salt absorb gotta add get level flavour
gnmk9ia,cookingforbeginners,need brine bath start pasta cold water hearti pinch salt
gnmsppi,cookingforbeginners,good thing note dont add salt water boil salt water higher boil point youll wait age chuck end
gnmf5j8,cookingforbeginners,yes unlik pasta water arent dump water soup soup made stock broth anyway general salt peopl use boullion salt dont need add even salt
gnkhyyh,cookingforbeginners,treat garlic think becom comfort use spice season get use much toss tast
gnlf1m2,cookingforbeginners,alway think add take put less think struggl get right add later need to
gnkwn2b,cookingforbeginners,toss potato work potato becom salti act like spong half bad solut potato love absorb salt cours potato add soup even salt stay work mild level oversalt via plain old dilut soup salt less salti
gnkuasr,cookingforbeginners,there someth soak oversalt oversalt rule thumb underseason salt need your sure alway add salt end cook process serv tast simmer more
gnkuh0g,cookingforbeginners,understand doesnt soak starch releas seem eas salti
gnlk8sf,cookingforbeginners,https www finedininglov com articl potato reduc salti tri make super salti stock add potato see happen
gnlmcxe,cookingforbeginners,shit
gnlykeq,cookingforbeginners,work
gnm76p0,cookingforbeginners,doesnt shit potato isnt sort magic membran intak salt output pure water without salt happen potato soak liquid end salin
gnnv5ab,cookingforbeginners,omfg read first huge dick maggot
gnnyaux,cookingforbeginners,tsp per final serv plus minus start item like aka tsp serv tri figur defin good pinch standard size lolz done tast season again
gnm87qo,cookingforbeginners,hope come use im fair interest get thing right first time littl hard follow recip mani variabl
gnkvh5w,cookingforbeginners,brine marinad meat work well salt cook get salti exterior realli tast touch tongu salt meat allow sit uncov grate overnight fridg get meat that dri liquid displac salt season penetr throughout meat
gnky44f,cookingforbeginners,strong held opinion mayb depend type cuisin salt tabl common cultur honest rare cook tradit american northern european food never larg cut meat mayb therein lie differ guess error give advic salt cook think associ cuisin featur larg cut meat thing bake boil broil slowli european food seem homogen seper time thing uniform separ thing serv along side plate asian middl eastern cook differ food touch plate realli option pot dish compound mani flavor textur meant becom homogen get bite eat chef watch like jami oliv mayb seem tend cook simpli quick often saute rang top cook main saut ing yes put tabl salt start cook enhanc flavor deliv salti dish think everyth bagel would better salt top instead blend dissolv dough point coars salt experi tini salt bomb eat sometim surpris see post peopl eat primarili big piec meat roast fri sometim see post peopl ask keep whole kitchen get coat greas thought light saut ing common method cook fast guess advis appli keep mind
gnlmq0d,cookingforbeginners,honest dish work season salt sinc hes tri chef beginn easier start season salt see anoth suggest would tast go know cant everyth
gnlnfb3,cookingforbeginners,think add littl bit time realli tast dont think eyebal amount salt well chef lot time help abl visual quantiti salt im ad dish advantag use season salt
gnli7xf,cookingforbeginners,piggi back salti umami rich chees add lot salti flavor top cours
gnnhd2l,cookingforbeginners,ive start ad lot sour dish someth seem miss soup littl bit lemon juic right end need
gnn3v1l,cookingforbeginners,vey awar go reduc liquid tast waaay salti reduct
gnny22w,cookingforbeginners,good tip done water far want tri stock keep mind
gnnpiqk,cookingforbeginners,fraction pick noodl boil salt afterward salt sauc put top them
gnlfp0y,cookingforbeginners,dont dump water pasta water salti sauc come salti
gnn000g,cookingforbeginners,good use water sauc dump water absorb much starch pasta noodl salt water starch give sauc smooth velveti textur water salti sauc though tast food cook use light hand salt err side enough salt unsur correct amount salt pretti much vari person person easier add salt remov that tabletop salt shaker for
gnnke6y,cookingforbeginners,thank tip watch pot took much longer boil last time thought time percept mess up
gnl3wj5,cookingforbeginners,garlic
gnlfd3l,cookingforbeginners,garlic easi never life encount dish garlic
gnngjek,cookingforbeginners,garlic good happen think whatev make still need tast wait minut tast sometim garlic flavor bloom get stronger bit especi use dri garlic product
gnkwykl,cookingforbeginners,yes right forgot add comment inde hear toss potato afterward
gnlyoal,cookingforbeginners,get well season potato happen recent
gnmigfc,cookingforbeginners,true understand basic physic biolog potato root veget realli add salti solut find environ much sodium water cell thing general flow high low concentr densiti equal potato end absorb salt water cell shed unsalt water believ tri onion actual work better potato make dish mind onion tast ever made marinad use soy sauc onion abl tast onion get ridicul salti took ton salt soy sauc still go fix super salti broth best thing case dilut believ potato trick total myth
gnn3gyx,cookingforbeginners,mate potato liter membran transfer water whatev outsid absorb salt diffus
gnnzwqt,cookingforbeginners,thank you
gnl2x31,cookingforbeginners,yeah cook lot eastern european type food well north american add salt sinc lot ingredi bland see say salt end yeah agre case would want instead dish lol guess discuss happen complet differ cuisin cook sub heavili bias toward north american cook style heavili influenc differ european countri interest get caught know fail think outsid littl bubbl
gnn94sg,cookingforbeginners,complet agre add bit keep tast that kosher salt help better kosher salt less dens easier accur your deal less concentr salt
gnnzsyo,cookingforbeginners,liter oversalt corn day start saute corn ad salt pepper season last minut thought would good idea add stock make corn plump juici thing stock end oversalt corn rescu ad corn
gnnrgt4,cookingforbeginners,want noodl tast salti rather tast season get absorb salt argument made elsewher thread finish salt cook salt differ effect ideal book anyway want nice salti noodl counterpoint sauc bring flavor tabl often compliment chees layer differ tone salt overanalyz thing case tri way salt mess pasta water next time see differ make huge routin add salt pasta water spous pull consist happier result do
gnls2ag,cookingforbeginners,yeah happen last time made pasta honest turn pasta bit haha
gnlg0kd,cookingforbeginners,yes true didnt mean liter water
gnnwhno,cookingforbeginners,good use water sauc dump dont use big pot cook long pasta anymor ive start use skillet use way less water result pasta water way starch content make sauc come togeth realli nice
gnlle6t,cookingforbeginners,correct answer
gnlm8rv,cookingforbeginners,occasion thing raw garlic burn much still eat cook thing much
gnmm499,cookingforbeginners,put clove garlic pizza sauc portion size tomato spici pungent mess beyond use garlic press uncook sauc dish realli make garlic good way overdo it
gnl8t2v,cookingforbeginners,yeah total forget region cook big citi east coast intern never realli saw american region home never european stuff middl eastern father work restaur industri alway around ethnic cook indian vietnames thai etc start cook tri replic favorit dish cook main lot asian fusion mayb california cuisin saute everyth fast easi somehow got idea everyon tend meal kit cook show tv video youtub seem involv lot saut ing mayb victim algorithm mayb saut ing look cooler video
ll30mo,cookingforbeginners,ive cook quit struggl tend prepar sever serv dish freez leftov organis skill pretti bad coupl contain mysteri food lie freezer dont know prep froze know food that freezer might get less tasti time due freezer burn whatnot becom unsaf eat throw contain know arent recent someon good suggest label freezer contain theyr welcom ive tri sticker write date etc end difficult remov leav sticki residu ive use whiteboard marker wasnt great idea haha
gnn5ak0,cookingforbeginners,food that kept constant frozen f remain safe eat indefinit long wasnt spoil go https www fda gov consum consum updat store food safe might tast good
gnn3eiv,cookingforbeginners,put freezer bag squeez air much possibl prevent freezer burn write date content bag perman marker use reusabl contain still use perman marker use mr clean magic eras take ink relabel freez lot food invest vaccum sealer
gnnt4i4,cookingforbeginners,use dri eras marker freezer work fine order bunch standard size restaur contain use label lid content date
gnngtjb,cookingforbeginners,thank get freezer thermomet
lkcq2z,cookingforbeginners,hi got box stew lamb realli want use stew anyth els use cook quicker know whether similar normal chop thank
gnj5gxd,cookingforbeginners,meat need cook low slow break make tender tough dont cook long enough doesnt stew cook someth sauci like curri would trick
gnj8g1t,cookingforbeginners,definit stew lamb lamb need lot cook order tender use stew meat purpos soup stew go end chewi meal freez box use make stew time use recip https www allrecip com recip mama oh savori lamb eggplant casserol use meat bone instead ground lamb take half hour prepar brown meat onion spice first hour half get fall apart stage doubl tripl spice season like well flavor food delici serv rice noodl mash potato
gnjfdhv,cookingforbeginners,brais lamb delici
gnj6d1v,cookingforbeginners,marin meat lemon juic yogurt make tender could add spice marin make kebab grill it
gnjbzfm,cookingforbeginners,unfortn low slow cook stew lamb result bad meal would recommend slow cook curri
gnjlhm3,cookingforbeginners,make curri it
gnjw7hn,cookingforbeginners,edit read actual question haha def doesnt cook quicker your prob go happi result rush cook stew meat realli need extra time go tough grist mess good news hrs take cook spent bing netflix occasion stir make ragout reduc sauc stew person like follow recip use tilapia instead lamb differ tast ingredi med carrot med celeri stalk larg onion clove garlic lb lamb stew meat choic small can tomato past think oz bay leav rosemari half bottl red wine id use mid shelf cab equal amount chicken beef stock wine oliv oil salt black pepper jalepeno pablano option prep prep carrot celeri onion garlic slice dice desir size consist tri make bolognes ground beef futur run food processor ground beef like consist recip reduc there almost liquid left add like half cup cup heavi cream end cube salt lamb cook sear lamb light oliv oil dutch oven arent cook lamb cube brown side get nice lamb juic pan take lamb done brown set side add carrot celeri onion reason amount salt want sweat onion start turn translusc brown make well add garlic care burn soon garlic start look smell done mix rest aromat doesnt burn make well add tomato past cook see ad fond sticki bit build bottom pan mix aromat done add half bottl red wine choic along stock deglaz pan scrape sticki bit bottom there crazi amount flavor build add bay leav rosemari salt pepper jalepeno pablano desir salt tast add lamb simmer hour check stir everi minut okay liquid cook make sure stuff doesnt burn add water thicker desir consist turn heat reduc desir consist need serv pasta top parm pecorino
gnjqk3q,cookingforbeginners,instant pot pressur cook tender low slow hrs could put brunswick stew
gnjsnya,cookingforbeginners,lamb tagin give recip want
gnkfeza,cookingforbeginners,rogan josh mmm
gnkve6g,cookingforbeginners,follow ina garten lamb shank orzo recip cook extra hour itll delici
gnjgclm,cookingforbeginners,yes low slow lamb curri
gnjvxl8,cookingforbeginners,curri sound amaz slow cooker thank you
gnkjsgq,cookingforbeginners,made week ago sooooooooooo good
gnl58ay,cookingforbeginners,hope goe well even someth cook eat later week whip someth quicker dinner night ive found quit easili cook dinner easi low slow cook admit im fair intermedi cook
gnkpljs,cookingforbeginners,heck yeah go recip im feed peopl
lkwzgs,cookingforbeginners,realli want tri viral bake feta cherri tomato pasta recip dont get cherri tomato would work simpli use cut whole normal tomato
gnmbgra,cookingforbeginners,want tomato meati juici mayb get roma tomato small vine tomato
gnml5kl,cookingforbeginners,whole tomato chop would ok might want cook separ littl even add squeez tomato past get flavour close enough exact like comment say tri find smaller tomato someth meati might luck shop organ store farmer market tomato season whole chop definit worst substitut give idea suppos tast
gnnncvk,cookingforbeginners,saw coupl variat recip thing like bellpepp seem work well tomato good liquid time found feta oil provid lot liquid alway add splash pasta water say basic substitut cherri tomato veg includ kind tomato too
lkobu6,cookingforbeginners,add never goe cook countdown stay stuck pre heat skip straight burn follow guid https youtu vic l iyrq yes im awar shouldnt stovetop temporari situat small kitchen im current still learn make best use oven saut dump everyth like video put lid switch pressur cook stare screen minut hole time rd box pre heat blink could alreadi feel coupl minut someth wrong went burn food took lid well go photo https imgur com okx gh still cook eat food trash current product stove pot right instantpot last photo
gnkx6bu,cookingforbeginners,steam releas valv seal proper yes food safe eat burn messag occur instant pot sens get hot turn prevent food burn further
gnkxo9u,cookingforbeginners,yes seal skip cook e middl part im worri about
gnkyuq5,cookingforbeginners,see steam come anywher steam come instant pot continu heat heat without reach full pressur could said preheat long went straight burn
gnkzh88,cookingforbeginners,see bit steam come corner come full pressur fix get annoy suppos fun easi good thing
gnl1o79,cookingforbeginners,long amount steam escap isnt much eventu reach pressur think normal small amount steam releas depend long take reach pressur hot signific amount liquid lost make like food burn seal ring set place proper anyth obstruct valv debri etc want tri jiggl valv bit next time your use see help settl place proper
gnl8eji,cookingforbeginners,ad cup chicken broth mayb didnt add enough water first time tri second time feel like work mechan time vent signific steam releas display still switch pre heat cook state think defect unit
gnl8wd8,cookingforbeginners,yeah certain possibl unit defect think that case would tri contact custom servic see get replac
lknmf8,cookingforbeginners,peopl use veget like onion carrot celeri mushroom pepper specif reason behind this
gnkw7hv,cookingforbeginners,cajun cook substitut pepper celeri asian cuisin use garlic ginger basic idea want extract flavour main reason behind choic cheap avail
gnks7hi,cookingforbeginners,educ guess your make stock want use aeromat veget give flavor anyth garlic ginger celeri pepper common use combin onion carrot celeri sometim leek combin aeromat known mirepoix common french deriv cook said use combin aeromat want experi think next chicken stock im go use combin ginger garlic mayb coupl other see make sort asian inspir stock id person stay away earthi thing like mushroom stock tri let know goe
gnkug1i,cookingforbeginners,stock use mushroom pepper depend flavor your tri achiev veget tend stronger flavor produc stock arent neutral basic mirepoix limit use
gnkvaid,cookingforbeginners,root veg arent better happen mani root veg aromat aromat celeri carrot humbl saut ing bring flavor lot onion tend bitter gate cook gentl bring sweet normal yo u dont get onion mushroom bring umami doesnt get brought unless simmer add stock potato would often consid root veget narrat technic dont use stock often unless intend incorpor potato flavor dish
gnkwiey,cookingforbeginners,histor reason stock base store root veget veget eaten fresh store well u ask question point might prefer use cheaper veget histor one store travel well grown easili home garden mushroom broth think base dri mushroom rather fresh cook tradit like onion carrot celeri triad realli work well togeth find veget overwhelm soup rather form harmoni like that
gnkw961,cookingforbeginners,carrot onion celeri home use veget stock celeri anyth els still make ok stock tast like celeri
gnn3scj,cookingforbeginners,fwiw mushroom pepper common stock ingredi arent root veget come mind celeri otherwis larg root veg
gnkufku,cookingforbeginners,dri mushroom like shiitak wood ear often soak water ad stock amp umami asian cook water tast bit like fresh earth add nice depth flavour
gnkvtfd,cookingforbeginners,indian cook mirepoix onion garlic ginger chile french onion carrot celeri ratio cook sweeten sweat everi region cook variat region cook japanes veg tend leek mushroom form onion goe use form fat simmer aromat whatev want cook
gnl4pdv,cookingforbeginners,total use stock
gnlc3kl,cookingforbeginners,look https en wikipedia org wiki mirepoix cuisin
lkpq8v,cookingforbeginners,everi singl time tri cook type meat roast crock pot alway come tough dri matter cook high low temp matter amount broth add alway dri grandmoth parent teach thing help me
gnl71ku,cookingforbeginners,use fattier cut like chuck roast want go extra mile sear outsid first deglaz pan add crock
gnl83bx,cookingforbeginners,tough dryness meat most depend temperatur reach cook crock pot realli much control recommend choos cut meat retain moistur well matter temperatur exampl chicken thigh work better chicken breast good choic would stew beef pork shoulder link https www tasteofhom com articl fix tough meat slow cooker idea
gnl8wco,cookingforbeginners,realli good slow cooker chuck roast recip use pound boneless roast packag au jus sauc powder salt pepper packag ranch dress season c beef broth stick unsalt butter salt pepper meat rub au jus place slow cooker sprinkl ranch season meat pour broth top stick butter cook low hour shred meat enjoy egg noodl come nice tender
gnl5k3z,cookingforbeginners,anyth slow cooker other better https www seriouseat com pressur cooker better slow cooker html
gnm08rp,cookingforbeginners,thing play stew meat muscl protein connect tissu protein e g collagen gelatin connect tissu tend melt around f c take time meat muscl fiber start get dri cook f c e g prefer rib eye steak medium filet mignon medium rare cook medium well fulli cook tend less tender like use shank muscl lot connect tissu curri stew https fatmiewchef blogspot com extra rich japanes curri html cook rice cooker night ill sear meat first let simmer c hour cook overnight around c use stay warm mode meat look like https lh googleusercont com iacrqgqyozg x oajuq mi aaaaaaaawhm cdi izxc ihktkgfpv rexrrh tcjxuwclcbgasyhq w h currybeef gif im done cook chopstick goe easili tender fall apart almost like piec jello
gnl3rc4,cookingforbeginners,might crock pot old new cook meat low still end boil own sever crock pot relat new bought malfunct absolut cook thing low think problem model rememb see other post problem
gnlr9do,cookingforbeginners,sure temp start high first hour low remaind time that im home low whole time
gnnm299,cookingforbeginners,crock pot great bean realli dont mind cook fast slow add meat like smoke ham hock come great dont use chicken fish beef though better method cook those
gnl8hei,cookingforbeginners,thank good tip
gnl9ri8,cookingforbeginners,thank much took screen shot post tri week get ingredi next time go shop let know turn out
gnl5vkk,cookingforbeginners,check link rather complex need guid dummi someth
gnl3wbh,cookingforbeginners,thank respons new crock pot crock pot brand round oval use probabl time everi time alway come botch
gnl50qx,cookingforbeginners,probabl newer crockpot cook hotter https www thespruceeat com hotter cook crockpot updat suggest post r slowcook advic end ditch nice new shini kept get hot cook everyth death snag old ugli thrift store
gnl5e2a,cookingforbeginners,thank doesnt boil low put lamb meat wasnt solid chunk smaller chunk put broth enough bare cover meat left low hour alreadi super tough like hard cut knife tough
gnnmxod,cookingforbeginners,tough mean meat hasnt cook long enough crockpot could take hour reach tender stage work peopl busi schedul need put someth morn come home afternoon finish great method peopl want eat next hour want eat sooner hour use stovetop heat diffus brown lamb chunk oil choic let rest plate brown onion garlic spice add broth return meat pot turn heat low simmer hour meat tender depend size meat chunk amount time take gas stove low use medium size meat chunk take less time meat chunk smaller use recip lamb eggplant stew https www allrecip com recip mama oh savori lamb eggplant casserol ad time amount garlic season come great everi time
lkmqoi,cookingforbeginners,hi im subpar cook never made indian bought jar rogan josh sauc weight watcher point cal thought lighten half sauc half broth tomato past thicken thank
gnkwfsd,cookingforbeginners,ive made roghan josh scratch sure roghan josh jar wouldnt half broth mayb quarter broth quarter yoghurt isnt suppos super wateri happen add half broth cook wouldnt sweat weight watcher point unless everyday thing portion els your go say x amount amount rice etc far wors thing share recip your use use pretti lean
gnkx4f0,cookingforbeginners,updat finish cook tast way better expect separ pan cook dice chicken ground ginger salt pepper pot saute frozen tri color pepper mix onion evoo garlic ad salt pepper ground ginger mix tsp tomato past soften ad dice chicken patak rogan josh jar sauc simmer min honesti prefer classic curri tikka masala vindaloo sauc rogan josh sauc sweet onion cardamom much happi say give dish solid usual cook meal best subpar cook thank help
gnkyc8g,cookingforbeginners,good recip mayb tri mine next time x b fri g kg meat cm cube fri briefli meat brown place dutch oven slow cooker crock pot prefer crock pot soak dri red pepper ml hot warm water minut dont fresh substitut equival hot pepper would prefer cayenn avoid jalapeno differ flavor roast follow herb seper pan set asid shred coconut tbsp ground coriand tbsp ground cumin tsp fennel crush tsp x b pure follow blender minut minut half set asid garlic clove ginger tbsp chop almond tbsp chop soften red pepper liquid x b combin toast herb first step hot pepper blend herb previous step fold herb mixtur tsp ground cardamom tsp ground clove tsp black pepper x b fine dice medium onion fri soften transluc add cardamom bruis hand pod bash tsp tumer herb mix previous step dice tomato teaspoon asalt simmer minut drop crock pot add ml yoghurt need water enough cover meat case ive never add water add ml yoghurt usual
lkobw9,cookingforbeginners,got idea put sea salt pepper garlic powder parsley oliv oil ribey steak cover butter let sit anyth place glass pan plastic wrap seal top fridg origin plan let sit till thursday day see happen think grill like tast grill steak cook pan better
gnkx5x3,cookingforbeginners,let sit butter isnt go anyth fat dont marin salt acid along accompani herb think vinegar salt lemon juic etc fat solidifi fridg doesnt thing instead butter water vinegar lemon juic combin herb oliv oil veget oil help marin much say hour half hour probabl averag
gnl0bsq,cookingforbeginners,go cook steak butter use cast iron spoon butter top cook other suggest want break marin steak bit tri other suggest oil acid appl cider vinegar herb salt wonder marin
gnm2xyi,cookingforbeginners,tri realli work hope would lol
gnkxfio,cookingforbeginners,grill probabl isnt best option sinc butter go melt flame
gnltp3w,cookingforbeginners,still grill go need put paper towel pat littl bit
